{"stats":{"minecraft:dropped":{"minecraft:knowledge_book":8,"ars_nouveau:worn_notebook":2,"eternal_tales:eternal_town_spawner":1,"alexsmobs:animal_dictionary":2,"weaponmaster:tutorialbook":2,"patchouli:guide_book":4},"minecraft:used":{"minecraft:knowledge_book":2},"minecraft:custom":{"minecraft:time_since_rest":3494,"minecraft:crouch_one_cm":2730,"minecraft:play_time":3494,"minecraft:sprint_one_cm":5570,"minecraft:walk_one_cm":10575,"minecraft:sneak_time":264,"minecraft:drop":19,"minecraft:jump":19,"minecraft:leave_game":1,"minecraft:time_since_death":3494,"minecraft:total_world_time":3494,"minecraft:fall_one_cm":627,"minecraft:fly_one_cm":7788},"minecraft:mined":{"ars_nouveau:green_archwood_log":5},"minecraft:picked_up":{"ars_nouveau:green_archwood_log":5,"patchouli:guide_book":2,"ars_nouveau:worn_notebook":1,"minecraft:knowledge_book":4,"weaponmaster:tutorialbook":1,"alexsmobs:animal_dictionary":1}},"DataVersion":3465}