{"stats":{"minecraft:dropped":{"minecraft:spruce_sign":2,"minecraft:bread":1,"minecraft:iron_sword":1,"minecraft:clock":1,"alexsmobs:animal_dictionary":1,"weaponmaster:tutorialbook":1,"minecraft:cobblestone":32,"minecraft:knowledge_book":5,"minecraft:apple":31,"patchouli:guide_book":2,"minecraft:leather_chestplate":1,"ars_nouveau:worn_notebook":1,"eternal_tales:tea_seeds":1,"gnumus:gnumus_pouch_2":4,"minecraft:oak_sapling":1,"gnumus:gnumus_horn":1,"minecraft:potion":1,"minecraft:spider_eye":2,"eternal_tales:eternal_town_spawner":1,"minecraft:wooden_pickaxe":2,"minecraft:iron_shovel":1,"eternal_tales:terra_shard":2,"minecraft:string":3,"biomesoplenty:tall_lavender":2,"minecraft:armor_stand":2},"minecraft:used":{"minecraft:knowledge_book":6,"minecraft:stone_pickaxe":41,"minecraft:wooden_pickaxe":38,"minecraft:crafting_table":3,"minecraft:painting":1,"minecraft:bread":15,"minecraft:cyan_carpet":2,"minecraft:stone_axe":73,"minecraft:cobblestone":35,"alexsmobs:animal_dictionary":1},"minecraft:crafted":{"minecraft:oak_planks":24,"minecraft:crafting_table":1,"minecraft:wooden_pickaxe":1,"minecraft:stone_axe":1,"minecraft:stick":4,"minecraft:stone_pickaxe":1},"minecraft:killed":{"gnumus:gnumus_hunter_not_dispawn":2,"eternal_tales:sunflower_spider":1},"minecraft:custom":{"minecraft:interact_with_furnace":1,"lootr:looted_stat":33,"minecraft:mob_kills":3,"minecraft:interact_with_crafting_table":6,"minecraft:open_barrel":2,"minecraft:leave_game":1,"minecraft:time_since_death":52208,"minecraft:sleep_in_bed":2,"minecraft:climb_one_cm":2238,"minecraft:time_since_rest":12244,"minecraft:sprint_one_cm":237887,"minecraft:damage_taken":796,"minecraft:walk_one_cm":417236,"minecraft:drop":36,"minecraft:damage_dealt":1008,"minecraft:swim_one_cm":2595,"minecraft:damage_dealt_absorbed":18,"minecraft:talked_to_villager":1,"minecraft:fly_one_cm":137574,"minecraft:open_chest":1,"minecraft:crouch_one_cm":5808,"minecraft:play_time":52208,"minecraft:sneak_time":1026,"minecraft:walk_under_water_one_cm":284,"minecraft:jump":583,"minecraft:walk_on_water_one_cm":497,"minecraft:total_world_time":52208,"minecraft:fall_one_cm":12835},"minecraft:mined":{"minecraft:white_bed":2,"minecraft:red_bed":2,"minecraft:crafting_table":3,"minecraft:weeping_vines":1,"minecraft:tall_grass":6,"minecraft:cobblestone":6,"minecraft:large_fern":15,"biomesoplenty:tall_lavender":3,"regions_unexplored:pine_leaves":1,"minecraft:grass":6,"minecraft:oak_log":6,"minecraft:cyan_carpet":2,"gnumus:fragile_gnumus_jug":1,"minecraft:stone":70,"eternal_tales:astrantia":1,"minecraft:oak_leaves":2},"minecraft:picked_up":{"minecraft:leather_chestplate":1,"minecraft:crafting_table":3,"minecraft:iron_chestplate":1,"minecraft:clock":1,"minecraft:wooden_pickaxe":1,"minecraft:knowledge_book":1,"minecraft:oak_log":6,"eternal_tales:tea_seeds":1,"minecraft:string":3,"minecraft:red_bed":2,"gnumus:gnumus_pouch_2":4,"minecraft:armor_stand":2,"biomesoplenty:tall_lavender":2,"minecraft:cyan_carpet":2,"gnumus:gnumus_horn":1,"minecraft:iron_sword":1,"minecraft:oak_planks":3,"minecraft:stick":2,"minecraft:white_bed":2,"minecraft:spider_eye":2,"eternal_tales:bronze_coin":2,"eternal_tales:terra_shard":2,"minecraft:chainmail_leggings":2,"minecraft:painting":1,"minecraft:spruce_sign":2,"minecraft:chainmail_helmet":2,"minecraft:bread":31,"minecraft:oak_sapling":1,"minecraft:cobblestone":73}},"DataVersion":3465}