{"stats":{"minecraft:dropped":{"minecraft:bread":31,"minecraft:wheat_seeds":1,"weaponmaster:tutorialbook":1,"minecraft:cobblestone":1,"minecraft:leather":2,"patchouli:guide_book":2,"minecraft:stick":3,"minecraft:leather_chestplate":1,"swem:timothy_seeds":1,"ars_nouveau:worn_notebook":1,"born_in_chaos_v1:monster_skin":1,"minecraft:ladder":1,"minecraft:arrow":11,"minecraft:wooden_pickaxe":1,"minecraft:bone":8},"minecraft:used":{"minecraft:knowledge_book":250,"minecraft:stone_pickaxe":21,"epicfight:iron_longsword":46,"minecraft:crafting_table":1,"minecraft:apple":4,"minecraft:bread":6,"minecraft:cobblestone":31,"chococraft:gysahl_green":3,"alexsmobs:animal_dictionary":1,"minecraft:potato":5,"minecraft:coarse_dirt":1},"minecraft:crafted":{"minecraft:oak_planks":8,"minecraft:crafting_table":1,"minecraft:iron_sword":1,"epicfight:iron_longsword":1,"minecraft:stone_axe":1,"minecraft:bread":75,"minecraft:stick":8,"minecraft:stone_pickaxe":1,"minecraft:wheat":225},"minecraft:killed":{"minecraft:magma_cube":3,"gnumus:big_snout":1,"minecraft:skeleton":3},"minecraft:custom":{"lootr:looted_stat":15,"minecraft:mob_kills":15,"minecraft:interact_with_crafting_table":6,"minecraft:open_barrel":2,"minecraft:time_since_death":47857,"minecraft:sleep_in_bed":1,"minecraft:climb_one_cm":36596,"minecraft:time_since_rest":12244,"minecraft:damage_taken":590,"minecraft:sprint_one_cm":115354,"minecraft:walk_one_cm":489161,"minecraft:drop":16,"minecraft:damage_dealt":1830,"minecraft:swim_one_cm":2803,"minecraft:fly_one_cm":101322,"minecraft:crouch_one_cm":1811,"minecraft:play_time":47857,"minecraft:sneak_time":585,"minecraft:walk_under_water_one_cm":40,"minecraft:jump":410,"minecraft:walk_on_water_one_cm":774,"minecraft:total_world_time":47857,"minecraft:fall_one_cm":8313},"minecraft:mined":{"minecraft:chiseled_quartz_block":1,"minecraft:crafting_table":1,"minecraft:cobblestone":12,"minecraft:spawner":2,"minecraft:hay_block":25,"minecraft:coarse_dirt":1,"minecraft:furnace":1,"minecraft:grass":2,"minecraft:potatoes":5,"minecraft:oak_log":2,"minecraft:light_gray_concrete":1,"eternal_tales:growing_skill_stone":1,"minecraft:tripwire":1,"minecraft:green_bed":1,"minecraft:fern":1},"minecraft:picked_up":{"minecraft:coarse_dirt":1,"swem:timothy_seeds":1,"minecraft:crafting_table":1,"born_in_chaos_v1:monster_flesh":1,"minecraft:ladder":1,"minecraft:leather":2,"minecraft:chiseled_quartz_block":1,"minecraft:wooden_pickaxe":1,"minecraft:potato":5,"paraglider:spirit_orb":4,"butchersdelight:deadpig":2,"minecraft:oak_log":2,"minecraft:string":3,"gnumus:gnumus_pouch_2":1,"born_in_chaos_v1:monster_skin":1,"minecraft:bone":11,"chococraft:gysahl_green":7,"minecraft:apple":31,"minecraft:wheat_seeds":1,"minecraft:furnace":1,"gnumus:juicy_meat":3,"minecraft:green_bed":1,"minecraft:light_gray_concrete":1,"minecraft:arrow":24,"minecraft:hay_block":25,"eternal_tales:heart_et":1,"minecraft:mutton":3,"minecraft:cobblestone":44}},"DataVersion":3465}